,xPosition (au),yPosition (au),mass (M0),xAccelerationTest,yAccelerationTest,xAcceleration (ms^-2),yAcceleration (ms^-2)
0,-120,-180,0.5,1.96e-06,1.97e-06,1.1653967009893446e-08,1.1731919966481364e-08
1,175,125,0.3,0.00070518,-0.0007091,4.1997156579698325e-06,-4.223101544946207e-06
2,185,115,0.2,-0.00106266,0.00105873,-6.328708404479481e-06,6.305322517503107e-06
