,xPosition (au),yPosition (au),mass (M0),xAcceleration (ms^-2),yAcceleration (ms^-2)
1,-120,-180,0.5,1.1653967009893446e-08,1.1731919966481364e-08
2,175,125,0.3,4.1997156579698325e-06,-4.223101544946207e-06
3,185,115,0.2,-6.328708404479481e-06,6.305322517503107e-06
