xPosition (au),yPosition (au),mass (M0),xAccelerationTest,yAccelerationTest
0,0,0.5,0,0
-120,-180,0.3,-1.2475e-04,1.5278e-04 
120,180,0.3,1.2475e-04,-1.5278e-04
185,115,0.4,-2.16282e-03,2.1357e-03
185,115,0.4,-2.16282e-03,2.1357e-03
-185,-115,0.8,2.16282e-03,-2.1357e-3
175,125,0.6,2.77721e-03,-2.8051e-03
-175,-125,0.6,-2.77721e-03,2.8051e-03