,xPosition (au),yPosition (au),mass (M0),xAccelerationTest,yAccelerationTest,xAcceleration (ms^-2),yAcceleration (ms^-2)
0,0,0,0.5,0.0,0.0,0.0,0.0
1,-120,-180,0.3,-0.00012475,0.00015278,-7.429291635857379e-07,9.098808012486328e-07
2,120,180,0.3,0.00012475,-0.00015278,7.429291635857379e-07,-9.098808012486326e-07
3,185,115,0.4,-0.00216282,0.0021357,-1.2880783830073363e-05,1.2719281038366674e-05
4,185,115,0.4,-0.00216282,0.0021357,-1.2880783830073363e-05,1.2719281038366674e-05
5,-185,-115,0.8,0.00216282,-0.0021357,1.2880783830073363e-05,-1.2719281038366674e-05
6,175,125,0.6,0.00277721,-0.0028051,1.6539849688749735e-05,-1.6705934244859107e-05
7,-175,-125,0.6,-0.00277721,0.0028051,-1.6539849688749735e-05,1.6705934244859107e-05
